Date,Ticker,Type,Quantity,Price per share,Total Amount,Currency,FX Rate
2019-09-22T06:28:54.514850Z,,CASH TOP-UP,,,$400 ,USD,1.1079
2019-09-24T16:44:01.634714Z,TSLA,BUY - MARKET,1.77533176,$225.31 ,$400 ,USD,1.1017
2019-11-11T23:05:44.888946Z,,CUSTODY FEE,,,($0.01),USD,1.1035
2019-11-24T22:13:27.109412Z,,CASH TOP-UP,,,$0.01 ,USD,1.1077
2019-12-09T23:06:37.745856Z,,CUSTODY FEE,,,($0.01),USD,1.1066
2019-12-22T11:30:34.552914Z,,CASH TOP-UP,,,$0.01 ,USD,1.1137
2019-12-31T23:09:33.268770Z,,CUSTODY FEE,,,($0.01),USD,1.123
2020-01-07T09:02:53.878790Z,,CASH TOP-UP,,,$0.01 ,USD,1.1188
2020-01-31T23:06:04.352487Z,,CUSTODY FEE,,,($0.01),USD,1.1097
2020-02-10T20:16:30.194656Z,TSLA,SELL - MARKET,1.77533176,$779.77 ,"$1,384.31 ",USD,1.0915
2020-02-10T20:25:49.939872Z,VTLE,BUY - MARKET,618.5802469,$1.62 ,"$1,000 ",USD,1.0913
2020-02-10T20:39:50.254592Z,BABA,BUY - MARKET,1.78379131,$215.44 ,$384.30 ,USD,1.0912
2020-02-28T19:57:49.072713Z,,CASH TOP-UP,,,"$1,500 ",USD,1.1029
2020-02-28T19:58:33.447813Z,TSLA,BUY - MARKET,2.31481481,$648 ,"$1,500 ",USD,1.103
2020-02-29T23:05:26.377291Z,,CUSTODY FEE,,,($0.02),USD,1.1085
2020-03-31T23:19:53.134761Z,,CUSTODY FEE,,,($0.01),USD,1.1031
2020-04-06T19:18:42.040302Z,,CASH TOP-UP,,,$0.03 ,USD,1.0787
2020-04-30T23:31:28.761001Z,,CUSTODY FEE,,,($0.02),USD,1.0943
2020-05-11T03:40:34.626150Z,,CASH TOP-UP,,,$20 ,USD,1.0848
2020-05-14T18:42:34.190887Z,TSLA,SELL - MARKET,2.31481481,$787.27 ,"$1,822.33 ",USD,1.0784
2020-05-27T19:59:42.402798Z,V,BUY - MARKET,4.15023863,$192.76 ,$800 ,USD,1.1
2020-05-29T18:46:17.212925Z,SHOP,BUY - MARKET,1.34170557,$745.32 ,"$1,000 ",USD,1.1096
2020-05-31T23:16:15.910725Z,,CUSTODY FEE,,,($0.02),USD,1.1117
2020-06-02T10:12:27.455991Z,VTLE,STOCK SPLIT,-587.6512346,,$0 ,USD,1.1171
2020-06-30T23:45:04.666802Z,,CUSTODY FEE,,,($0.02),USD,1.1236
2020-07-31T23:22:13.090592Z,,CUSTODY FEE,,,($0.03),USD,1.1837
2020-08-17T16:39:05.156593Z,V,SELL - MARKET,0.99995004,$200.19 ,$200.17 ,USD,1.1863
2020-08-17T16:40:03.760823Z,BABA,SELL - MARKET,0.94973358,$255.24 ,$242.39 ,USD,1.1863
2020-08-17T16:41:24.641643Z,SHOP,SELL - MARKET,1.34170557,"$1,001.07 ","$1,343.10 ",USD,1.1863
2020-08-17T16:41:47.938564Z,V,SELL - MARKET,3.15028859,$200.21 ,$629.52 ,USD,1.1864
2020-08-17T19:58:30.667271Z,BABA,SELL - MARKET,0.83405773,$256.71 ,$212.92 ,USD,1.1873
2020-08-17T20:14:02.834592Z,,CASH TOP-UP,,,"$3,800 ",USD,1.1873
2020-08-18T14:36:33.990545Z,NIO,BUY - MARKET,214.1327623,$14.01 ,"$3,001.19 ",USD,1.1937
2020-08-18T14:37:19.985398Z,TSLA,BUY - MARKET,1.59404888,"$1,882 ","$3,001.19 ",USD,1.1938
2020-08-18T14:38:53.163418Z,AAPL,BUY - MARKET,0.87347687,$457.94 ,$401.19 ,USD,1.1939
2020-08-21T03:43:59.216482Z,,CASH TOP-UP,,,"$2,000 ",USD,1.1876
2020-08-24T13:31:36.964931Z,SQ,BUY - MARKET,12.61431725,$158.55 ,"$2,001.17 ",USD,1.1836
2020-08-26T04:36:37.600733Z,,CASH TOP-UP,,,"$2,500 ",USD,1.1817
2020-08-26T13:32:37.825528Z,NIO,BUY - MARKET,128.2051282,$19.50 ,"$2,501.18 ",USD,1.1803
2020-08-27T10:45:12.159019Z,,CASH TOP-UP,,,"$10,000 ",USD,1.1809
2020-08-27T13:30:11.942344Z,TSLA,BUY - MARKET,2.29148621,"$2,181.99 ","$5,001.18 ",USD,1.1879
2020-08-27T13:30:41.645752Z,AAPL,BUY - MARKET,9.83284169,$508.50 ,"$5,001.18 ",USD,1.1875
2020-08-31T08:22:01.027781Z,AAPL,STOCK SPLIT,32.11895568,,$0 ,USD,1.1899
2020-08-31T08:25:05.581446Z,TSLA,STOCK SPLIT,15.54214036,,$0 ,USD,1.19
2020-08-31T23:43:38.125601Z,,CUSTODY FEE,,,($0.10),USD,1.1942
2020-09-02T06:51:40.380089Z,V,DIVIDEND,,,$1.06 ,USD,1.1903
2020-09-30T23:52:32.027455Z,,CUSTODY FEE,,,($0.19),USD,1.1727
2020-10-13T19:54:13.260207Z,,CASH TOP-UP,,,"$6,000 ",USD,1.1751
2020-10-13T19:54:53.715557Z,XPEV,BUY - MARKET,305.2416073,$19.66 ,"$6,000 ",USD,1.1751
2020-10-31T23:48:04.853068Z,,CUSTODY FEE,,,($0.26),USD,1.1764
2020-11-05T14:31:06.267245Z,SQ,SELL - MARKET,12.61431725,$177 ,"$2,232.67 ",USD,1.1831
2020-11-05T14:31:20.185486Z,NIO,SELL - MARKET,342.3378905,$38.70 ,"$13,248.15 ",USD,1.1832
2020-11-05T14:32:34.826531Z,XPEV,SELL - MARKET,305.2416073,$30.99 ,"$9,459.19 ",USD,1.1836
2020-11-13T07:53:20.739283Z,AAPL,DIVIDEND,,,$7.46 ,USD,1.1819
2020-11-19T14:30:24.325416Z,TSLA,SELL - MARKET,19.42767545,$491.97 ,"$9,557.61 ",USD,1.1826
2020-12-01T00:31:42.769851Z,,CUSTODY FEE,,,($0.05),USD,1.1943
2020-12-02T14:30:31.930200Z,WORK,BUY - MARKET,230.8402585,$43.32 ,"$10,000 ",USD,1.2073
2020-12-02T14:30:33.329757Z,TSLA,BUY - MARKET,17.98108389,$556.14 ,"$10,001.20 ",USD,1.2075
2020-12-02T14:30:42.807891Z,MRNA,BUY - MARKET,72.16569242,$138.57 ,"$10,000 ",USD,1.2075
2020-12-02T18:29:47.494214Z,PFE,BUY - MARKET,110.4567992,$40.74 ,"$4,501.20 ",USD,1.2097
2020-12-04T14:34:39.371857Z,MRNA,SELL - MARKET,72.16569242,$153.10 ,"$11,047.11 ",USD,1.2169
2020-12-04T14:35:12.828527Z,TSLA,SELL - MARKET,17.98108389,$588 ,"$10,571.43 ",USD,1.2169
2020-12-04T19:08:51.340654Z,AAL,BUY - MARKET,306.1867728,$16.33 ,"$5,001.21 ",USD,1.2148
2020-12-04T19:12:00.522678Z,SM,BUY - MARKET,409.006135,$4.89 ,"$2,001.21 ",USD,1.2147
2020-12-10T19:20:21.890656Z,SM,SELL - MARKET,409.006135,$6.41 ,"$2,620.45 ",USD,1.2126
2020-12-10T19:21:19.530836Z,PFE,SELL - MARKET,110.4567992,$41.82 ,"$4,617.99 ",USD,1.2125
2020-12-10T19:21:53.716214Z,AAL,SELL - MARKET,306.1867728,$17.58 ,"$5,381.42 ",USD,1.2124
2020-12-15T17:53:33.068961Z,AAPL,SELL - MARKET,42.82527424,$126.64 ,"$5,422.05 ",USD,1.216
2020-12-31T23:45:34.549532Z,,CUSTODY FEE,,,($0.09),USD,1.2219
2021-01-04T14:36:11.863209Z,TSLA,BUY - MARKET,13.88888888,$720 ,"$10,000 ",USD,1.23
2021-01-04T14:40:41.179115Z,XPEV,BUY - MARKET,220.2621145,$45.40 ,"$10,000 ",USD,1.2299
2021-01-04T14:41:02.690298Z,NIO,BUY - MARKET,194.9697797,$51.29 ,"$10,000 ",USD,1.2298
2021-01-04T14:57:00.004278Z,PLUG,BUY - MARKET,60.7173649,$32.94 ,"$2,000 ",USD,1.2287
2021-01-04T21:01:04.004210Z,,CASH TOP-UP,,,"$7,000 ",USD,1.2251
2021-01-05T14:31:12.994696Z,LI,BUY - MARKET,215.3183636,$32.51 ,"$7,000 ",USD,1.2277
2021-01-05T21:18:06.948667Z,,CASH TOP-UP,,,"$11,000 ",USD,1.2294
2021-01-06T14:32:52.292493Z,NIO,BUY - MARKET,185.1851852,$54 ,"$10,000 ",USD,1.2305
2021-01-06T14:40:04.137824Z,,CASH TOP-UP,,,"$10,000 ",USD,1.2311
2021-01-06T14:40:19.854285Z,NIO,BUY - MARKET,182.5154225,$54.79 ,"$10,000 ",USD,1.2312
2021-01-06T14:41:14.213416Z,XPEV,BUY - MARKET,41.09257916,$41.37 ,"$1,700 ",USD,1.2312
2021-01-07T19:49:26.574931Z,,CASH TOP-UP,,,"$5,780 ",USD,1.2271
2021-01-07T19:50:10.661513Z,NIO,BUY - MARKET,106.665502,$54.38 ,"$5,801.22 ",USD,1.2271
2021-01-08T14:34:23.828995Z,PLUG,SELL - MARKET,60.7173649,$52.07 ,"$3,160.25 ",USD,1.2283
2021-01-08T15:13:45.646974Z,LI,BUY - MARKET,87.59564848,$35.39 ,"$3,101.22 ",USD,1.2247
2021-01-08T20:50:51.630621Z,TSLA,SELL - MARKET,13.88888888,$876.01 ,"$12,165.31 ",USD,1.2229
2021-01-08T20:51:42.498264Z,XPEV,BUY - MARKET,220.0600792,$45.44 ,"$10,001.22 ",USD,1.2227
2021-01-08T20:52:17.084829Z,LI,BUY - MARKET,64.1215389,$34.31 ,"$2,201.22 ",USD,1.2227
2021-01-11T19:40:19.779495Z,NIO,SELL - MARKET,669.3358894,$64.30 ,"$43,036.13 ",USD,1.2171
2021-01-11T19:46:33.268200Z,LI,BUY - MARKET,302.5727685,$33.05 ,"$10,001.21 ",USD,1.2169
2021-01-11T19:52:40.783484Z,XPEV,BUY - MARKET,225.3267237,$44.38 ,"$10,001.21 ",USD,1.2168
2021-01-11T20:55:15.105991Z,NKLA,BUY - MARKET,467.2926402,$17.12 ,"$8,001.21 ",USD,1.2159
2021-01-11T20:57:37.476958Z,PLUG,BUY - MARKET,185.3256116,$53.96 ,"$10,001.21 ",USD,1.2159
2021-01-11T20:59:33.998598Z,LI,BUY - MARKET,152.4390244,$32.80 ,"$5,001.21 ",USD,1.2159
2021-01-12T15:29:47.897107Z,XPEV,SELL - MARKET,706.7414967,$50.64 ,"$35,790.31 ",USD,1.2161
2021-01-12T15:30:05.703840Z,PLUG,SELL - MARKET,185.3256116,$61.61 ,"$11,416.45 ",USD,1.2161
2021-01-12T15:30:27.880998Z,NKLA,SELL - MARKET,467.2926402,$18.29 ,"$8,545.32 ",USD,1.2165
2021-01-12T15:47:15.555730Z,LI,SELL - MARKET,822.0473439,$34.53 ,"$28,383.43 ",USD,1.2163
2021-01-12T15:48:11.494497Z,WORK,BUY - MARKET,238.4363376,$41.94 ,"$10,001.21 ",USD,1.2162
2021-01-12T16:00:26.335884Z,SPWRQ,BUY - MARKET,335.5479866,$29.80 ,"$10,001.21 ",USD,1.216
2021-01-12T16:01:17.696278Z,UMC,BUY - MARKET,455.6412301,$8.78 ,"$4,001.21 ",USD,1.2161
2021-01-12T16:01:47.853781Z,RUN,BUY - MARKET,106.2430939,$94.12 ,"$10,001.21 ",USD,1.2161
2021-01-12T20:26:53.784892Z,NIO,BUY - MARKET,158.5543047,$63.07 ,"$10,000 ",USD,1.2204
2021-01-12T20:28:22.971666Z,NIO,BUY - MARKET,158.7593269,$62.99 ,"$10,000 ",USD,1.2207
2021-01-12T20:30:13.488375Z,NIO,BUY - MARKET,158.2779361,$63.18 ,"$10,000 ",USD,1.2206
2021-01-12T20:31:41.564056Z,LI,BUY - MARKET,274.122807,$36.48 ,"$10,000 ",USD,1.2208
2021-01-12T20:31:53.351985Z,LI,BUY - MARKET,274.2061969,$36.47 ,"$10,000 ",USD,1.2206
2021-01-12T20:57:15.484630Z,PLUG,BUY - MARKET,2.27928886,$65.81 ,$150 ,USD,1.2206
2021-01-13T20:00:19.523249Z,PLUG,SELL - MARKET,2.27928886,$71.25 ,$162.39 ,USD,1.2158
2021-01-13T20:00:35.722161Z,SPWRQ,SELL - MARKET,335.5479866,$31.86 ,"$10,690.98 ",USD,1.2158
2021-01-13T20:30:50.250746Z,XPEV,BUY - MARKET,194.5525292,$51.40 ,"$10,000 ",USD,1.216
2021-01-13T20:31:25.023935Z,XPEV,BUY - MARKET,16.53696498,$51.40 ,$850 ,USD,1.2159
2021-01-13T20:47:30.026324Z,UMC,SELL - MARKET,455.6412301,$8.88 ,"$4,047.13 ",USD,1.2157
2021-01-13T20:47:46.943270Z,NIO,BUY - MARKET,64.00128,$62.50 ,"$4,000 ",USD,1.2157
2021-01-19T20:58:33.378971Z,XPEV,SELL - MARKET,211.0894942,$53.70 ,"$11,335.23 ",USD,1.2127
2021-01-19T20:58:51.566375Z,NIO,BUY - MARKET,171.3588074,$58.36 ,"$10,000 ",USD,1.2128
2021-01-19T20:59:06.186784Z,LI,BUY - MARKET,39.5145357,$35.43 ,"$1,400 ",USD,1.2129
2021-01-20T15:32:28.810432Z,WORK,SELL - MARKET,469.2765962,$42.60 ,"$19,990.68 ",USD,1.2109
2021-01-20T15:33:00.227326Z,XPEV,BUY - MARKET,184.0876289,$54.32 ,"$10,000 ",USD,1.2111
2021-01-20T15:35:30.007598Z,PLUG,BUY - MARKET,159.0077914,$62.89 ,"$10,000 ",USD,1.2115
2021-01-21T20:40:33.683817Z,PLUG,SELL - MARKET,159.0077914,$64.22 ,"$10,211.23 ",USD,1.2168
2021-01-21T20:58:10.722939Z,LI,BUY - MARKET,283.286119,$35.30 ,"$10,000 ",USD,1.2172
2021-01-22T15:49:46.019405Z,XPEV,SELL - MARKET,184.0876289,$56.99 ,"$10,490.90 ",USD,1.2173
2021-01-22T15:50:07.178192Z,LI,BUY - MARKET,288.7958418,$34.63 ,"$10,000 ",USD,1.2173
2021-01-22T15:50:47.599680Z,LI,BUY - MARKET,20.23121387,$34.60 ,$700 ,USD,1.2173
2021-01-26T19:38:44.810784Z,,CASH TOP-UP,,,"$12,200 ",USD,1.2167
2021-01-26T19:40:00.065073Z,NKLA,BUY - MARKET,400.9623095,$24.94 ,"$10,000 ",USD,1.2169
2021-01-26T19:40:28.400744Z,PLUG,BUY - MARKET,29.55003357,$74.45 ,"$2,200 ",USD,1.217
2021-01-27T13:47:03.270578Z,,CASH TOP-UP,,,"$11,000 ",USD,1.2108
2021-01-27T14:31:58.652049Z,XPEV,BUY - MARKET,67.58061401,$51.79 ,"$3,500 ",USD,1.2099
2021-01-27T16:17:13.947399Z,AMC,BUY - MARKET,456.7131547,$16.42 ,"$7,500 ",USD,1.2096
2021-01-27T16:53:27.645436Z,NKLA,SELL - MARKET,400.9623095,$29.73 ,"$11,918.30 ",USD,1.2106
2021-01-27T16:56:37.861225Z,AAPL,BUY - MARKET,70.28888732,$142.27 ,"$10,000 ",USD,1.2103
2021-01-27T18:50:55.795388Z,AMC,SELL - MARKET,456.7131547,$16.60 ,"$7,581.22 ",USD,1.212
2021-01-27T18:56:26.167544Z,,CASH TOP-UP,,,"$1,800 ",USD,1.2118
2021-01-27T19:00:43.552190Z,XPEV,BUY - MARKET,194.7798987,$51.34 ,"$10,000 ",USD,1.2128
2021-01-27T19:00:55.594960Z,XPEV,BUY - MARKET,25.33125487,$51.32 ,"$1,300 ",USD,1.2129
2021-01-28T16:17:26.672073Z,,CASH TOP-UP,,,"$10,000 ",USD,1.2127
2021-01-28T16:20:50.372015Z,AAPL,BUY - MARKET,71.83908045,$139.20 ,"$10,000 ",USD,1.2129
2021-01-29T10:05:58.920974Z,,CASH TOP-UP,,,"$5,000 ",USD,1.211
2021-01-29T15:28:00.010246Z,XPEV,BUY - MARKET,100.1403966,$49.93 ,"$5,000 ",USD,1.2146
2021-02-01T03:31:35.737260Z,,CUSTODY FEE,,,($1.05),USD,1.2132
2021-02-12T06:07:58.201910Z,AAPL,DIVIDEND,,,$24.77 ,USD,1.213
2021-03-01T00:41:38.472763Z,,CUSTODY FEE,,,($0.86),USD,1.2103
2021-04-01T01:17:15.622861Z,,CUSTODY FEE,,,($9.73),USD,1.1732
2021-04-18T20:39:01.952870Z,,CASH TOP-UP,,,"$10,000 ",USD,1.2105
2021-04-18T20:46:37.163369Z,,CASH TOP-UP,,,"$10,000 ",USD,1.2105
2021-04-19T13:34:30.014951Z,XPEV,BUY - MARKET,319.4888179,$31.30 ,"$10,000 ",USD,1.203
2021-04-19T13:36:26.827032Z,NIO,BUY - MARKET,272.7768685,$36.66 ,"$10,000 ",USD,1.2029
2021-05-01T04:05:23.783388Z,,CUSTODY FEE,,,($11.03),USD,1.2142
2021-05-14T04:32:31.389460Z,AAPL,DIVIDEND,,,$26.58 ,USD,1.2091
2021-06-01T05:26:58.203787Z,,CUSTODY FEE,,,($11.33),USD,1.2225
2021-07-01T06:17:14.278476Z,,CUSTODY FEE,,,($15.47),USD,1.1843
2021-08-01T11:51:35.420860Z,,CUSTODY FEE,,,($14.11),USD,1.1999
2021-08-13T04:42:22.987023Z,AAPL,DIVIDEND,,,$26.58 ,USD,1.1742
2021-09-01T09:42:50.816249Z,,CUSTODY FEE,,,($13.51),USD,1.1818
2021-10-02T05:57:15.436013Z,,CUSTODY FEE,,,($11.96),USD,1.1597
2021-10-07T19:39:48.934550Z,VTLE,SELL - MARKET,30.92901235,$91.44 ,"$2,828.16 ",USD,1.1556
2021-10-07T19:40:36.604470Z,IIPR,BUY - MARKET,11.91201317,$236.74 ,"$2,827.05 ",USD,1.1557
2021-10-25T18:34:45.948206Z,XPEV,SELL - MARKET,707.320982,$48.13 ,"$34,046.04 ",USD,1.1619
2021-10-25T18:36:58.340949Z,IIPR,SELL - MARKET,11.91201317,$262.92 ,"$3,131.89 ",USD,1.1618
2021-10-26T19:58:15.192924Z,XPEV,BUY - MARKET,220.6535746,$45.32 ,"$10,000 ",USD,1.1603
2021-10-26T19:58:33.964521Z,XPEV,BUY - MARKET,220.6048974,$45.33 ,"$10,000 ",USD,1.1603
2021-10-26T19:58:46.220847Z,XPEV,BUY - MARKET,220.726109,$45.31 ,"$10,000 ",USD,1.1602
2021-10-26T19:59:09.745640Z,XPEV,BUY - MARKET,157.8750276,$45.29 ,"$7,150 ",USD,1.1602
2021-10-28T13:33:26.239272Z,XPEV,SELL - MARKET,819.8596086,$47.80 ,"$39,188.99 ",USD,1.1633
2021-10-28T13:34:08.085617Z,AAPL,SELL - MARKET,142.1279678,$150.55 ,"$21,397.38 ",USD,1.1635
2021-10-29T14:16:23.457479Z,XPEV,BUY - MARKET,215.5682259,$46.39 ,"$10,000 ",USD,1.1606
2021-10-29T14:18:01.099630Z,META,BUY - MARKET,30.9311166,$323.30 ,"$10,000 ",USD,1.1604
2021-10-29T14:18:57.168670Z,NVDA,BUY - MARKET,39.41352672,$253.72 ,"$10,000 ",USD,1.1601
2021-10-29T14:20:30.617650Z,COIN,BUY - MARKET,31.3667388,$318.81 ,"$10,000 ",USD,1.1603
2021-10-29T14:22:15.743189Z,SBUX,BUY - MARKET,95.22988286,$105.01 ,"$10,000 ",USD,1.1605
2021-10-29T14:24:08.682709Z,AMZN,BUY - MARKET,3.01330978,"$3,318.61 ","$10,000 ",USD,1.1603
2021-10-29T14:24:50.491801Z,ATVI,BUY - MARKET,7.59506329,$79 ,$600 ,USD,1.1604
2021-11-03T03:23:32.417736Z,,CUSTODY FEE,,,($14.68),USD,1.1586
2021-11-04T14:17:06.739341Z,NVDA,SELL - MARKET,39.41352672,$284.70 ,"$11,221 ",USD,1.1552
2021-11-04T14:23:31.114243Z,XPEV,SELL - MARKET,215.5682259,$48.10 ,"$10,368.97 ",USD,1.1552
2021-11-04T15:00:48.440949Z,COIN,SELL - MARKET,31.3667388,$341.12 ,"$10,699.79 ",USD,1.1546
2021-11-04T15:01:05.368397Z,SBUX,SELL - MARKET,95.22988286,$111.94 ,"$10,660.07 ",USD,1.1545
2021-11-04T15:01:43.546939Z,META,SELL - MARKET,30.9311166,$336.80 ,"$10,417.57 ",USD,1.1544
2021-11-04T15:01:56.936817Z,AMZN,SELL - MARKET,3.01330978,"$3,453.74 ","$10,407.13 ",USD,1.1544
2021-11-04T17:56:33.923130Z,NFLX,BUY - MARKET,14.97792256,$667.65 ,"$10,000 ",USD,1.155
2021-11-04T17:57:37.712460Z,V,BUY - MARKET,47.78768039,$209.26 ,"$10,000 ",USD,1.155
2021-11-04T18:01:29.739450Z,AMD,BUY - MARKET,73.30022722,$136.43 ,"$10,000 ",USD,1.155
2021-11-04T18:09:36.684286Z,LCID,BUY - MARKET,267.8165506,$37.34 ,"$10,000 ",USD,1.1552
2021-11-04T18:11:16.077184Z,NKE,BUY - MARKET,57.41221724,$174.18 ,"$10,000 ",USD,1.1552
2021-11-04T18:17:57.089165Z,XPEV,BUY - MARKET,208.8991017,$47.87 ,"$10,000 ",USD,1.1555
2021-11-04T18:18:14.579131Z,XPEV,BUY - MARKET,78.78955067,$47.85 ,"$3,770 ",USD,1.1555
2021-11-08T15:32:11.206278Z,LCID,SELL - MARKET,267.8165506,$44.61 ,"$11,947.48 ",USD,1.1595
2021-11-08T17:19:24.727272Z,AMD,SELL - MARKET,73.30022722,$150.89 ,"$11,060.27 ",USD,1.1593
2021-11-08T20:20:52.650745Z,XPEV,BUY - MARKET,209.9561201,$47.63 ,"$10,000 ",USD,1.1591
2021-11-08T20:25:25.962421Z,TSLA,BUY - MARKET,8.46031692,"$1,181.99 ","$10,000 ",USD,1.1592
2021-11-08T20:29:22.453416Z,DELL,BUY - MARKET,54.23083875,$55.32 ,"$3,000 ",USD,1.1592
2021-11-23T14:51:07.836345Z,XPEV,SELL - MARKET,497.6447725,$53.07 ,"$26,410.32 ",USD,1.1251
2021-11-23T19:36:59.784861Z,XPEV,BUY - MARKET,200.4851644,$49.88 ,"$10,000 ",USD,1.125
2021-11-23T19:37:28.000989Z,LCID,BUY - MARKET,197.6324111,$50.60 ,"$10,000 ",USD,1.125
2021-11-23T19:37:47.566973Z,XPEV,BUY - MARKET,128.5311311,$49.95 ,"$6,420 ",USD,1.1251
2021-11-24T16:03:03.566810Z,XPEV,SELL - MARKET,329.0162955,$54.15 ,"$17,816.43 ",USD,1.1197
2021-11-24T20:38:26.762766Z,LCID,SELL - MARKET,197.6324111,$52.86 ,"$10,446.98 ",USD,1.1206
2021-11-24T20:44:27.268631Z,DELL,BUY - MARKET,173.7631625,$57.55 ,"$10,000 ",USD,1.1206
2021-11-26T17:45:23.014926Z,XPEV,BUY - MARKET,194.1407494,$51.51 ,"$10,000 ",USD,1.1295
2021-11-26T17:46:58.371932Z,LCID,BUY - MARKET,158.5219727,$52.11 ,"$8,260 ",USD,1.1295
2021-11-29T15:07:53.953502Z,XPEV,SELL - MARKET,194.1407494,$53.45 ,"$10,376.94 ",USD,1.1272
2021-11-29T17:18:42.770746Z,LCID,SELL - MARKET,158.5219727,$53.57 ,"$8,492.12 ",USD,1.1266
2021-11-29T19:49:03.105883Z,XPEV,BUY - MARKET,196.1692821,$50.98 ,"$10,000 ",USD,1.1275
2021-11-29T19:57:08.618411Z,RIVN,BUY - MARKET,74.081803,$119.80 ,"$8,875 ",USD,1.1277
2021-11-30T14:49:52.839392Z,XPEV,SELL - MARKET,196.1692821,$53.61 ,"$10,516.77 ",USD,1.1379
2021-11-30T14:52:39.887265Z,LI,SELL - MARKET,1180.156714,$36.16 ,"$42,675.29 ",USD,1.1383
2021-11-30T17:26:53.509974Z,XPEV,BUY - MARKET,189.3975379,$52.80 ,"$10,000 ",USD,1.1295
2021-11-30T17:27:06.271580Z,LI,BUY - MARKET,291.2140361,$34.34 ,"$10,000 ",USD,1.1295
2021-11-30T20:15:04.002826Z,DELL,BUY - MARKET,178.3517032,$56.07 ,"$10,000 ",USD,1.133
2021-11-30T20:15:46.161618Z,LCID,BUY - MARKET,187.9734962,$53.20 ,"$10,000 ",USD,1.133
2021-11-30T20:17:18.193007Z,MTTR,BUY - MARKET,306.3820466,$32.64 ,"$10,000 ",USD,1.1333
2021-11-30T20:18:17.664571Z,AMZN,BUY - MARKET,0.91077541,"$3,502.51 ","$3,190 ",USD,1.1333
2021-12-01T15:08:55.422966Z,MTTR,SELL - MARKET,306.3820466,$37.06 ,"$11,354.73 ",USD,1.1358
2021-12-01T15:58:57.728363Z,LCID,SELL - MARKET,187.9734962,$55.33 ,"$10,400.69 ",USD,1.1337
2021-12-01T15:59:16.942015Z,LI,SELL - MARKET,291.2140361,$36.48 ,"$10,623.70 ",USD,1.1337
2021-12-01T19:08:39.584501Z,MTTR,BUY - MARKET,311.5361371,$32.10 ,"$10,000 ",USD,1.1326
2021-12-01T19:09:02.657922Z,XPEV,BUY - MARKET,190.2985728,$52.55 ,"$10,000 ",USD,1.1326
2021-12-01T19:46:45.914170Z,LCID,BUY - MARKET,187.4801275,$53.34 ,"$10,000 ",USD,1.132
2021-12-01T20:31:52.360843Z,LI,BUY - MARKET,67.48142897,$35.27 ,"$2,380 ",USD,1.1316
2021-12-02T03:51:19.566410Z,,CUSTODY FEE,,,($15.89),USD,1.1334
2021-12-02T15:38:40.023213Z,,CASH TOP-UP,,,$12.40 ,USD,1.1328
2021-12-03T15:01:24.316201Z,DELL,SELL - MARKET,406.3457044,$57.92 ,"$23,535.78 ",USD,1.1288
2021-12-09T08:12:20.703080Z,V,DIVIDEND,,,$15.23 ,USD,1.1328
2021-12-14T15:03:00.590423Z,V,SELL - MARKET,47.78768039,$212.04 ,"$10,132.89 ",USD,1.1302
2021-12-15T14:30:49.547790Z,NIO,BUY - MARKET,319.8864363,$31.26 ,"$10,000 ",USD,1.1258
2021-12-15T15:26:25.774251Z,NIO,BUY - MARKET,326.0622758,$30.67 ,"$10,000 ",USD,1.1263
2021-12-15T15:56:45.283780Z,XPEV,BUY - MARKET,240.1018007,$41.65 ,"$10,000 ",USD,1.1254
2021-12-15T15:57:46.147593Z,LI,BUY - MARKET,123.7015126,$29.75 ,"$3,680 ",USD,1.1252
2021-12-29T05:35:03.717735Z,NKE,DIVIDEND,,,$14.88 ,USD,1.1309
2021-12-30T17:33:09.749467Z,XPEV,SELL - MARKET,619.7979114,$49 ,"$30,370.50 ",USD,1.1316
2022-01-03T14:53:04.559587Z,XPEV,BUY - MARKET,204.9221311,$48.80 ,"$10,000 ",USD,1.1316
2022-01-03T14:56:24.299890Z,MSFT,BUY - MARKET,30.23349256,$330.76 ,"$10,000 ",USD,1.1314
2022-01-03T15:00:17.563741Z,META,BUY - MARKET,29.56227274,$338.27 ,"$10,000 ",USD,1.1309
2022-01-03T15:10:47.797086Z,LI,BUY - MARKET,11.77230483,$32.28 ,$380 ,USD,1.1311
2022-01-04T08:52:44.265084Z,,CUSTODY FEE,,,($11.46),USD,1.1297
2022-01-04T11:21:06.181079Z,,CASH TOP-UP,,,$2.18 ,USD,1.1288
2022-01-18T14:56:01.451092Z,ATVI,SELL - MARKET,7.59506329,$84.50 ,$641.77 ,USD,1.1371
2022-02-02T10:38:56.342890Z,,CUSTODY FEE,,,($11.35),USD,1.1315
2022-03-02T04:37:47.303445Z,,CUSTODY FEE,,,($10.64),USD,1.1125
2022-03-11T05:42:48.185256Z,MSFT,DIVIDEND,,,$15.93 ,USD,1.1002
2022-04-02T11:10:55.096149Z,,CUSTODY FEE,,,($10.16),USD,1.1051
2022-04-05T05:58:11.604690Z,NKE,DIVIDEND,,,$14.88 ,USD,1.0974
2022-05-03T07:21:13.680736Z,,CUSTODY FEE,,,($8.09),USD,1.0509
2022-06-02T08:15:29.373814Z,,CUSTODY FEE,,,($8.17),USD,1.0692
2022-06-06T05:20:49.357172Z,AMZN,STOCK SPLIT,17.30473279,,$0 ,USD,1.0738
2022-06-10T04:18:29.672395Z,MSFT,DIVIDEND,,,$15.93 ,USD,1.0636
2022-07-02T05:25:07.283076Z,,CUSTODY FEE,,,($8.76),USD,1.0432
2022-07-05T04:22:08.109335Z,NKE,DIVIDEND,,,$14.88 ,USD,1.0439
2022-08-02T20:37:44.502210Z,,CUSTODY FEE,,,($8.84),USD,1.017
2022-08-25T08:32:09.974050Z,TSLA,STOCK SPLIT,16.92063384,,$0 ,USD,1.0004
2022-09-02T04:12:22.756004Z,,CUSTODY FEE,,,($8.46),USD,0.9968
2022-09-12T05:38:12.697693Z,MSFT,DIVIDEND,,,$15.93 ,USD,1.0094
2022-10-04T07:50:42.804832Z,,CUSTODY FEE,,,($7.08),USD,0.988
2022-10-05T06:08:11.165283Z,NKE,DIVIDEND,,,$14.88 ,USD,0.9969
2022-10-31T13:30:43.430815Z,BLK,BUY - MARKET,0.15197337,$658.01 ,$100 ,USD,0.9906
2022-10-31T13:31:57.689702Z,INTC,BUY - MARKET,3.43997248,$29.07 ,$100 ,USD,0.9905
2022-10-31T13:32:27.426002Z,PTON,BUY - MARKET,6.24219725,$8.01 ,$50 ,USD,0.9906
2022-10-31T13:32:37.485603Z,ADBE,BUY - MARKET,0.30912856,$323.49 ,$100 ,USD,0.9905
2022-10-31T13:33:16.781336Z,NVDA,BUY - MARKET,0.72584742,$137.77 ,$100 ,USD,0.9906
2022-10-31T13:34:16.454670Z,TEAM,BUY - MARKET,0.50545895,$197.84 ,$100 ,USD,0.9907
2022-10-31T13:34:58.428235Z,PYPL,BUY - MARKET,1.16945386,$85.51 ,$100 ,USD,0.9908
2022-11-02T04:23:10.093767Z,,CUSTODY FEE,,,($5.69),USD,0.9889
2022-11-11T18:05:50.319972Z,PTON,SELL - MARKET,6.24219725,$10.26 ,$64.03 ,USD,1.0343
2022-11-11T18:06:14.835660Z,NVDA,SELL - MARKET,0.72584742,$161.60 ,$117.28 ,USD,1.0343
2022-11-11T18:06:36.982655Z,BLK,SELL - MARKET,0.15197337,$773.75 ,$117.57 ,USD,1.0342
2022-11-29T14:30:09.304555Z,BLK,BUY - MARKET,0.4014063,$722.46 ,$290 ,USD,1.0333
2022-12-02T06:16:57.258738Z,INTC,DIVIDEND,,,$1.07 ,USD,1.0529
2022-12-02T09:53:33.349845Z,,CUSTODY FEE,,,($6.61),USD,1.053
2022-12-09T07:47:32.172273Z,MSFT,DIVIDEND,,,$17.48 ,USD,1.0585
2022-12-14T04:40:43.063827Z,,CUSTODY FEE,,,($6.61),USD,1.0631
2022-12-27T05:25:04.100006Z,BLK,DIVIDEND,,,$1.67 ,USD,1.0656
2022-12-29T06:38:00.096901Z,NKE,DIVIDEND,,,$16.59 ,USD,1.0621
2023-01-04T04:38:33.379173Z,,CUSTODY FEE,,,($5.57),USD,1.0573
2023-02-01T07:46:44.675318Z,,CUSTODY FEE,,,($6.53),USD,1.0874
2023-03-02T03:37:35.169286Z,,CUSTODY FEE,,,($6.09),USD,1.0654
2023-03-02T07:34:50.714396Z,INTC,DIVIDEND,,,$1.07 ,USD,1.0645
2023-03-13T04:47:11.404459Z,MSFT,DIVIDEND,,,$17.48 ,USD,1.0735
2023-03-24T05:46:08.235850Z,BLK,DIVIDEND,,,$1.71 ,USD,1.0846
2023-04-04T03:09:44.472942Z,,CUSTODY FEE,,,($6.55),USD,1.0902
2023-04-04T07:26:18.538155Z,NKE,DIVIDEND,,,$16.59 ,USD,1.0917
2023-05-02T12:12:27.539908Z,,CUSTODY FEE,,,($6.06),USD,1.0972
2023-06-02T05:21:12.038964Z,INTC,DIVIDEND,,,$0.37 ,USD,1.0779
2023-06-03T06:16:54.728677Z,,CUSTODY FEE,,,($6.31),USD,1.0717
2023-06-09T05:12:28.624450Z,MSFT,DIVIDEND,,,$17.48 ,USD,1.0792
2023-06-26T04:36:08.542554Z,BLK,DIVIDEND,,,$1.71 ,USD,1.092
2023-07-04T09:04:09.591085Z,,CUSTODY FEE,,,($7.28),USD,1.0908
2023-07-07T04:31:33.509936Z,NKE,DIVIDEND,,,$16.59 ,USD,1.0905
2023-07-12T13:30:02.811Z,ADBE,SELL - MARKET,0.30912856,$509.76 ,$157.56 ,USD,1.1095
2023-08-01T19:29:53.342317Z,,CASH TOP-UP,,,$564 ,USD,1.0992
2023-08-01T19:33:22.414Z,HYZN,BUY - MARKET,153.9641026,$1.95 ,$300 ,USD,1.0995
2023-08-01T19:36:10.438Z,CVNA,BUY - MARKET,4.05720081,$49.30 ,$200 ,USD,1.0996
2023-08-01T19:37:36.936Z,NKLA,BUY - MARKET,63.09779179,$3.17 ,$200 ,USD,1.0997
2023-08-01T19:39:01.202Z,ZWS,BUY - MARKET,2.64026402,$30.30 ,$80 ,USD,1.0996
2023-08-02T05:28:55.283330Z,,CUSTODY FEE,,,($8.72),USD,1.1011
2023-08-06T07:51:14.761612Z,,TRANSFER FROM REVOLUT BANK UAB TO REVOLUT SECURITIES EUROPE UAB,,,($2.51),USD,1.1018
2023-08-06T07:51:14.813511Z,RIVN,TRANSFER FROM REVOLUT TRADING LTD TO REVOLUT SECURITIES EUROPE UAB,74.081803,,$0 ,USD,1.1018
2023-08-06T07:51:14.816389Z,LI,TRANSFER FROM REVOLUT TRADING LTD TO REVOLUT SECURITIES EUROPE UAB,202.9552464,,$0 ,USD,1.1018
2023-08-06T07:51:14.818697Z,NIO,TRANSFER FROM REVOLUT TRADING LTD TO REVOLUT SECURITIES EUROPE UAB,1629.677236,,$0 ,USD,1.1018
2023-08-06T07:51:14.821334Z,PLUG,TRANSFER FROM REVOLUT TRADING LTD TO REVOLUT SECURITIES EUROPE UAB,29.55003357,,$0 ,USD,1.1018
2023-08-06T07:51:14.823452Z,LCID,TRANSFER FROM REVOLUT TRADING LTD TO REVOLUT SECURITIES EUROPE UAB,187.4801275,,$0 ,USD,1.1018
2023-08-06T07:51:14.826015Z,NKLA,TRANSFER FROM REVOLUT TRADING LTD TO REVOLUT SECURITIES EUROPE UAB,63.09779179,,$0 ,USD,1.1018
2023-08-06T07:51:14.828135Z,ZWS,TRANSFER FROM REVOLUT TRADING LTD TO REVOLUT SECURITIES EUROPE UAB,2.64026402,,$0 ,USD,1.1018
2023-08-06T07:51:14.830918Z,RUN,TRANSFER FROM REVOLUT TRADING LTD TO REVOLUT SECURITIES EUROPE UAB,106.2430939,,$0 ,USD,1.1018
2023-08-06T07:51:14.834491Z,BLK,TRANSFER FROM REVOLUT TRADING LTD TO REVOLUT SECURITIES EUROPE UAB,0.4014063,,$0 ,USD,1.1018
2023-08-06T07:51:14.837891Z,INTC,TRANSFER FROM REVOLUT TRADING LTD TO REVOLUT SECURITIES EUROPE UAB,3.43997248,,$0 ,USD,1.1018
2023-08-06T07:51:14.840653Z,TEAM,TRANSFER FROM REVOLUT TRADING LTD TO REVOLUT SECURITIES EUROPE UAB,0.50545895,,$0 ,USD,1.1018
2023-08-06T07:51:14.843009Z,MSFT,TRANSFER FROM REVOLUT TRADING LTD TO REVOLUT SECURITIES EUROPE UAB,30.23349256,,$0 ,USD,1.1018
2023-08-06T07:51:14.845939Z,CVNA,TRANSFER FROM REVOLUT TRADING LTD TO REVOLUT SECURITIES EUROPE UAB,4.05720081,,$0 ,USD,1.1018
2023-08-06T07:51:14.849915Z,HYZN,TRANSFER FROM REVOLUT TRADING LTD TO REVOLUT SECURITIES EUROPE UAB,153.9641026,,$0 ,USD,1.1018
2023-08-06T07:51:14.853113Z,NFLX,TRANSFER FROM REVOLUT TRADING LTD TO REVOLUT SECURITIES EUROPE UAB,14.97792256,,$0 ,USD,1.1018
2023-08-06T07:51:14.855824Z,META,TRANSFER FROM REVOLUT TRADING LTD TO REVOLUT SECURITIES EUROPE UAB,29.56227274,,$0 ,USD,1.1018
2023-08-06T07:51:14.858051Z,TSLA,TRANSFER FROM REVOLUT TRADING LTD TO REVOLUT SECURITIES EUROPE UAB,25.38095076,,$0 ,USD,1.1018
2023-08-06T07:51:14.860369Z,NKE,TRANSFER FROM REVOLUT TRADING LTD TO REVOLUT SECURITIES EUROPE UAB,57.41221724,,$0 ,USD,1.1018
2023-08-06T07:51:14.863476Z,MTTR,TRANSFER FROM REVOLUT TRADING LTD TO REVOLUT SECURITIES EUROPE UAB,311.5361371,,$0 ,USD,1.1018
2023-08-06T07:51:14.866578Z,PYPL,TRANSFER FROM REVOLUT TRADING LTD TO REVOLUT SECURITIES EUROPE UAB,1.16945386,,$0 ,USD,1.1018
2023-08-06T07:51:14.869264Z,XPEV,TRANSFER FROM REVOLUT TRADING LTD TO REVOLUT SECURITIES EUROPE UAB,204.9221311,,$0 ,USD,1.1018
2023-08-06T07:51:14.871555Z,AMZN,TRANSFER FROM REVOLUT TRADING LTD TO REVOLUT SECURITIES EUROPE UAB,18.2155082,,$0 ,USD,1.1018
2023-09-01T07:59:39.244834Z,,CUSTODY FEE,,,($7.56),USD,1.0874
2023-09-05T11:02:00.604122Z,INTC,DIVIDEND,,,$0.37 ,USD,1.0755
2023-09-08T10:17:31.084856Z,ZWS,DIVIDEND,,,$0.15 ,USD,1.0719
2023-09-15T09:16:21.002397Z,MSFT,DIVIDEND,,,$17.47 ,USD,1.0679
2023-09-25T11:03:27.846295Z,BLK,DIVIDEND,,,$1.70 ,USD,1.0655
2023-10-01T11:21:01.733305Z,,CUSTODY FEE,,,($7.01),USD,1.0595
2023-10-03T12:17:15.639968Z,NKE,DIVIDEND,,,$16.59 ,USD,1.0486
2023-10-04T06:07:59.372608Z,,CASH TOP-UP,,,"$1,000 ",USD,1.0482
2023-10-04T16:28:06.398Z,VZ,BUY - MARKET,31.72810913,$31.52 ,"$1,000 ",USD,1.0533
2023-10-09T18:52:25.563Z,INTC,SELL - MARKET,3.43997248,$36.07 ,$124.07 ,USD,1.0579
2023-10-11T15:18:20.065Z,PBR,BUY - MARKET,9.44099797,$14.83 ,$140 ,USD,1.0634
2023-10-16T17:34:06.070Z,MSFT,SELL - MARKET,30.23349256,$333.64 ,"$10,087.06 ",USD,1.0562
2023-10-16T17:34:25.166Z,LI,SELL - MARKET,202.9552464,$33.50 ,"$6,799.36 ",USD,1.0562
2023-10-16T17:51:59.463Z,SBRA,BUY - MARKET,29.13228238,$14.59 ,$425 ,USD,1.057
2023-10-16T17:52:32.963Z,ABR,BUY - MARKET,28.97341513,$14.67 ,$425 ,USD,1.0571
2023-10-16T17:54:17.626Z,IDCC,BUY - MARKET,7.02378298,$80.73 ,$567 ,USD,1.0571
2023-10-16T17:54:42.494Z,CMCSA,BUY - MARKET,12.81423728,$44.25 ,$567 ,USD,1.057
2023-10-16T17:55:02.982Z,ORAN,BUY - MARKET,49.22395833,$11.52 ,$567 ,USD,1.0571
2023-10-16T17:55:47.499Z,NVS,BUY - MARKET,5.26101344,$96.70 ,$510 ,USD,1.0572
2023-10-16T17:56:15.149Z,AMGN,BUY - MARKET,1.77418567,$286.74 ,$510 ,USD,1.0572
2023-10-16T17:56:42.432Z,SNY,BUY - MARKET,9.29430032,$54.74 ,$510 ,USD,1.0573
2023-10-16T17:57:03.594Z,UNH,BUY - MARKET,0.94262273,$539.70 ,$510 ,USD,1.0573
2023-10-16T17:57:23.326Z,GSK,BUY - MARKET,13.92718313,$36.53 ,$510 ,USD,1.0573
2023-10-16T17:58:10.039Z,IRM,BUY - MARKET,5.49206092,$61.72 ,$340 ,USD,1.0573
2023-10-16T17:58:32.109Z,SFL,BUY - MARKET,30.53873873,$11.10 ,$340 ,USD,1.0573
2023-10-16T17:58:49.947Z,SCCO,BUY - MARKET,4.61120935,$73.50 ,$340 ,USD,1.0573
2023-10-16T17:59:26.451Z,TX,BUY - MARKET,8.9275744,$37.97 ,$340 ,USD,1.0573
2023-10-16T17:59:50.295Z,LMT,BUY - MARKET,0.77348759,$438.21 ,$340 ,USD,1.0573
2023-10-16T18:00:42.790Z,AGRO,BUY - MARKET,15.33303085,$11.02 ,$170 ,USD,1.0571
2023-10-16T18:01:04.132Z,WMT,BUY - MARKET,1.04322321,$161.95 ,$170 ,USD,1.0571
2023-10-16T18:01:33.817Z,BG,BUY - MARKET,1.63457817,$103.36 ,$170 ,USD,1.0571
2023-10-16T18:02:04.967Z,PG,BUY - MARKET,1.15473993,$146.31 ,$170 ,USD,1.0571
2023-10-16T18:02:27.156Z,PM,BUY - MARKET,1.81530031,$93.07 ,$170 ,USD,1.0571
2023-10-16T18:03:15.145Z,ENLC,BUY - MARKET,13.1801872,$12.82 ,$170 ,USD,1.057
2023-10-16T18:04:04.264Z,E,BUY - MARKET,5.16569856,$32.71 ,$170 ,USD,1.0571
2023-10-16T18:04:20.803Z,FANG,BUY - MARKET,1.00751386,$167.69 ,$170 ,USD,1.0571
2023-10-16T18:04:39.944Z,NOG,BUY - MARKET,4.14650306,$40.74 ,$170 ,USD,1.0572
2023-10-16T18:04:59.078Z,CNQ,BUY - MARKET,2.51054977,$67.30 ,$170 ,USD,1.0572
2023-10-16T18:05:18.335Z,EC,BUY - MARKET,13.65966046,$12.37 ,$170 ,USD,1.0572
2023-10-16T18:06:02.324Z,BP,BUY - MARKET,4.19255583,$40.30 ,$170 ,USD,1.0572
2023-10-16T18:06:18.082Z,PXD,BUY - MARKET,0.67832254,$249.07 ,$170 ,USD,1.0571
2023-10-16T18:07:28.990Z,PBR,BUY - MARKET,10.74872773,$15.72 ,$170 ,USD,1.0572
2023-10-16T18:08:03.300Z,IGT,BUY - MARKET,10.30362929,$30.86 ,$319 ,USD,1.0572
2023-10-16T18:08:21.771Z,TM,BUY - MARKET,1.77427455,$179.20 ,$319 ,USD,1.0573
2023-10-16T18:08:42.402Z,PKG,BUY - MARKET,2.0793931,$152.90 ,$319 ,USD,1.0574
2023-10-16T18:09:00.708Z,WRK,BUY - MARKET,8.57524271,$37.08 ,$319 ,USD,1.0574
2023-10-16T18:09:17.738Z,GES,BUY - MARKET,14.46020918,$21.99 ,$319 ,USD,1.0573
2023-10-16T18:09:34.271Z,ALV,BUY - MARKET,3.34202228,$95.14 ,$319 ,USD,1.0573
2023-10-16T18:09:52.295Z,BBY,BUY - MARKET,4.48983338,$70.82 ,$319 ,USD,1.0573
2023-10-16T18:10:41.200Z,DELL,BUY - MARKET,4.98470588,$68 ,$340 ,USD,1.0573
2023-10-16T18:10:57.815Z,YY,BUY - MARKET,8.42186335,$40.25 ,$340 ,USD,1.0574
2023-10-16T18:11:17.543Z,ORCL,BUY - MARKET,3.11200881,$108.92 ,$340 ,USD,1.0574
2023-10-16T18:11:34.030Z,TSM,BUY - MARKET,3.71329973,$91.28 ,$340 ,USD,1.0574
2023-10-16T18:12:08.342Z,INTC,BUY - MARKET,9.27160831,$36.56 ,$340 ,USD,1.0573
2023-10-16T18:12:37.447Z,STX,BUY - MARKET,4.8941669,$69.26 ,$340 ,USD,1.0573
2023-10-16T18:12:56.278Z,CSCO,BUY - MARKET,6.24235727,$54.30 ,$340 ,USD,1.0574
2023-10-16T18:13:13.237Z,MCHP,BUY - MARKET,4.31259541,$78.60 ,$340 ,USD,1.0574
2023-10-16T18:13:32.357Z,GRMN,BUY - MARKET,3.13822794,$108.01 ,$340 ,USD,1.0574
2023-10-16T18:15:27.297Z,AAPL,BUY - MARKET,6.71841499,$178.17 ,"$1,200 ",USD,1.0572
2023-10-16T18:15:56.795Z,MSFT,BUY - MARKET,3.62984815,$333.89 ,"$1,215 ",USD,1.0572
2023-10-19T15:20:24.283Z,VZ,SELL - MARKET,31.72810913,$31.71 ,"$1,003.63 ",USD,1.059
2023-11-01T03:35:34.937107Z,,CUSTODY FEE,,,($6.42),USD,1.0589
2023-11-02T14:24:21.768835Z,VZ,DIVIDEND,,,$17.93 ,USD,1.0654
2023-11-06T12:29:51.842755Z,DELL,DIVIDEND,,,$1.56 ,USD,1.0769
2023-11-13T11:47:15.918816Z,ENLC,DIVIDEND TAX,,,$1.64 ,USD,1.0704
2023-11-16T12:13:17.093417Z,PG,DIVIDEND,,,$0.92 ,USD,1.0863
2023-11-17T19:12:25.229708Z,AAPL,DIVIDEND,,,$1.37 ,USD,1.0922
2023-11-22T08:38:06.443781Z,WRK,DIVIDEND,,,$2.20 ,USD,1.0916
2023-11-24T09:25:36.297675Z,SCCO,DIVIDEND,,,$3.92 ,USD,1.093
2023-11-24T09:29:56.555735Z,TX,DIVIDEND,,,$9.82 ,USD,1.0928
2023-11-27T09:42:39.687918Z,FANG,DIVIDEND,,,$0.71 ,USD,1.0968
2023-11-28T10:42:55.349604Z,FANG,DIVIDEND,,,$2.16 ,USD,1.0966
2023-11-28T10:44:54.977302Z,AGRO,DIVIDEND,,,$2.52 ,USD,1.0968
2023-12-01T05:17:50.981306Z,,CUSTODY FEE,,,($6.98),USD,1.0927
2023-12-01T09:45:33.319803Z,ABR,DIVIDEND,,,$10.58 ,USD,1.0922
2023-12-01T09:56:35.293424Z,SBRA,DIVIDEND,,,$7.42 ,USD,1.0921
2023-12-04T13:28:05.674105Z,INTC,DIVIDEND,,,$0.98 ,USD,1.0892
2023-12-05T11:46:22.589522Z,BG,DIVIDEND,,,$1.08 ,USD,1.0838
2023-12-07T09:56:41.861757Z,MCHP,DIVIDEND,,,$1.61 ,USD,1.0802
2023-12-08T14:13:55.946621Z,ZWS,DIVIDEND,,,$0.18 ,USD,1.0759
2023-12-11T09:54:36.013787Z,AMGN,DIVIDEND,,,$3.20 ,USD,1.0782
2023-12-11T10:01:56.037333Z,E,DIVIDEND,,,$1.80 ,USD,1.079
2023-12-13T10:03:21.234184Z,UNH,DIVIDEND,,,$1.50 ,USD,1.0805
2023-12-14T10:22:27.330957Z,ALV,DIVIDEND,,,$1.93 ,USD,1.0928
2023-12-15T11:25:34.520141Z,IGT,DIVIDEND,,,$2.06 ,USD,1.098
2023-12-18T17:57:38.751574Z,MSFT,DIVIDEND,,,$2.31 ,USD,1.0947
2023-12-21T11:07:31.066361Z,BP,DIVIDEND,,,$1.80 ,USD,1.098
2023-12-26T09:06:15.311474Z,PXD,DIVIDEND,,,$1.84 ,USD,1.1035
2023-12-26T09:09:03.802626Z,BLK,DIVIDEND,,,$1.70 ,USD,1.1033
2023-12-26T09:23:12.931368Z,GES,DIVIDEND,,,$3.68 ,USD,1.1033
2023-12-28T08:53:35.201739Z,ORAN,DIVIDEND,,,$10.68 ,USD,1.1139
2024-01-01T10:55:56.361616Z,,CUSTODY FEE,,,($7.54),USD,1.1062
2024-01-03T17:45:33.860042Z,LMT,DIVIDEND,,,$2.07 ,USD,1.093
2024-01-03T18:20:46.256891Z,BBY,DIVIDEND,,,$3.51 ,USD,1.0932
2024-01-03T18:30:31.790712Z,NKE,DIVIDEND,,,$18.05 ,USD,1.093
2024-01-03T18:51:25.584888Z,WMT,DIVIDEND,,,$0.50 ,USD,1.0927
2024-01-03T19:04:54.671797Z,GRMN,DIVIDEND,,,$2.29 ,USD,1.0922
2024-01-03T19:55:35.844437Z,SFL,DIVIDEND,,,$7.63 ,USD,1.0938
2024-01-05T11:03:39.397715Z,IRM,DIVIDEND,,,$3.03 ,USD,1.0935
2024-01-05T11:06:29.420687Z,EC,DIVIDEND,,,$13.72 ,USD,1.0934
2024-01-09T16:00:57.484142Z,CNQ,DIVIDEND,,,$1.59 ,USD,1.0938
2024-01-11T10:26:32.058582Z,STX,DIVIDEND,,,$3.42 ,USD,1.0987
2024-01-11T10:32:10.419918Z,PM,DIVIDEND,,,$2 ,USD,1.0986
2024-01-16T11:25:23.379245Z,GSK,DIVIDEND,,,$4.85 ,USD,1.0904
2024-01-16T11:51:04.818127Z,TSM,DIVIDEND,,,$1.41 ,USD,1.0913
2024-01-17T12:47:21.812949Z,PKG,DIVIDEND,,,$2.20 ,USD,1.0892
2024-01-25T08:58:23.083093Z,CSCO,DIVIDEND,,,$2.07 ,USD,1.0919
2024-01-25T09:06:16.130616Z,CMCSA,DIVIDEND,,,$3.15 ,USD,1.0919
2024-01-25T09:07:52.662354Z,IDCC,DIVIDEND,,,$2.38 ,USD,1.0916
2024-01-26T09:27:58.915596Z,ORCL,DIVIDEND,,,$1.05 ,USD,1.0859
2024-02-01T11:59:31.550231Z,NOG,DIVIDEND,,,$1.40 ,USD,1.0829
2024-02-01T12:25:00.281756Z,,CUSTODY FEE,,,($6.71),USD,1.0832
2024-02-05T09:34:22.390707Z,DELL,DIVIDEND,,,$1.56 ,USD,1.0782
2024-02-05T14:30:19.167Z,META,SELL - MARKET,29.56227274,$470 ,"$13,894.15 ",USD,1.0762
2024-02-12T09:04:16.238894Z,ENLC,DIVIDEND,,,$1.74 ,USD,1.0795
2024-02-16T14:10:34.958159Z,PG,DIVIDEND,,,$0.92 ,USD,1.0771
2024-02-16T17:36:58.691861Z,AAPL,DIVIDEND,,,$1.37 ,USD,1.079
2024-02-22T09:05:12.279207Z,WRK,DIVIDEND,,,$2.20 ,USD,1.089
2024-02-26T10:37:11.731608Z,WMT,STOCK SPLIT,2.08644642,,$0 ,USD,1.087
2024-02-29T17:26:22.010003Z,PBR,DIVIDEND,,,$4.92 ,USD,1.0823
2024-03-01T11:54:02.010183Z,SCCO,DIVIDEND,,,$3.13 ,USD,1.0841
2024-03-01T11:58:08.731753Z,SBRA,DIVIDEND,,,$7.42 ,USD,1.084
2024-03-04T14:18:30.278953Z,INTC,DIVIDEND,,,$0.98 ,USD,1.0872
2024-03-04T14:30:04.008Z,GRMN,BUY - MARKET,21.88822413,$137.06 ,"$3,000 ",USD,1.0873
2024-03-04T14:30:05.064Z,MSFT,BUY - MARKET,7.25093053,$413.74 ,"$3,000 ",USD,1.0873
2024-03-04T14:30:09.555Z,STX,BUY - MARKET,30.75976622,$97.53 ,"$3,000 ",USD,1.0873
2024-03-04T14:30:10.143Z,INTC,BUY - MARKET,67.72009029,$44.30 ,"$3,000 ",USD,1.0873
2024-03-04T14:30:43.261Z,TSM,BUY - MARKET,21.52698048,$139.36 ,"$3,000 ",USD,1.0873
2024-03-05T10:43:04.163685Z,BG,DIVIDEND,,,$1.08 ,USD,1.0876
2024-03-08T12:15:32.680917Z,AMGN,DIVIDEND,,,$3.39 ,USD,1.0952
2024-03-08T12:18:42.326424Z,ZWS,DIVIDEND,,,$0.18 ,USD,1.0955
2024-03-11T11:15:07.768927Z,MCHP,DIVIDEND,,,$1.65 ,USD,1.0963
2024-03-13T09:48:36.194692Z,FANG,DIVIDEND,,,$0.76 ,USD,1.0947
2024-03-14T09:37:28.108170Z,FANG,DIVIDEND,,,$1.86 ,USD,1.0966
2024-03-15T12:34:30.826723Z,MSFT,DIVIDEND,,,$2.31 ,USD,1.0913
2024-03-18T15:02:41.222982Z,ABR,DIVIDEND,,,$10.58 ,USD,1.0909
2024-03-20T11:06:56.215809Z,UNH,DIVIDEND,,,$1.50 ,USD,1.0865
2024-03-25T10:02:24.286899Z,PXD,DIVIDEND,,,$1.47 ,USD,1.084
2024-03-25T10:03:54.932253Z,BLK,DIVIDEND,,,$1.73 ,USD,1.0841
2024-03-28T13:54:58.681279Z,ALV,DIVIDEND,,,$1.93 ,USD,1.0836
2024-04-02T09:40:45.717944Z,NKE,DIVIDEND,,,$18.05 ,USD,1.0763
2024-04-02T17:22:21.172561Z,LMT,DIVIDEND,,,$2.07 ,USD,1.0789
2024-04-02T17:27:58.375856Z,SFL,DIVIDEND,,,$7.94 ,USD,1.0789
2024-04-02T17:48:36.407475Z,BP,DIVIDEND,,,$1.80 ,USD,1.0789
2024-04-02T17:53:25.087432Z,WMT,DIVIDEND,,,$0.54 ,USD,1.0789
2024-04-02T18:55:41.845078Z,PBR,DIVIDEND,,,$5.41 ,USD,1.0787
2024-04-05T07:47:21.529875Z,IRM,DIVIDEND,,,$3.03 ,USD,1.0862
2024-04-05T07:47:47.014371Z,GRMN,DIVIDEND,,,$18.26 ,USD,1.0864
2024-04-08T11:02:07.790567Z,STX,DIVIDEND,,,$24.95 ,USD,1.0855
2024-04-09T12:11:29.547258Z,CNQ,DIVIDEND,,,$1.64 ,USD,1.089
2024-04-10T09:54:40.076849Z,PM,DIVIDEND,,,$2 ,USD,1.0888
2024-04-10T10:19:21.940468Z,E,DIVIDEND,,,$1.86 ,USD,1.0885
2024-04-11T09:31:56.099887Z,IGT,DIVIDEND,,,$2.06 ,USD,1.0759
2024-04-12T09:13:53.947818Z,EC,DIVIDEND,,,$9.99 ,USD,1.0695
2024-04-12T09:14:26.542529Z,BBY,DIVIDEND,,,$3.59 ,USD,1.0695
2024-04-15T10:55:49.455292Z,GSK,DIVIDEND,,,$5.53 ,USD,1.068
2024-04-15T10:56:58.648057Z,TSM,DIVIDEND,,,$10.87 ,USD,1.0681
2024-04-16T11:43:09.473142Z,PKG,DIVIDEND,,,$2.20 ,USD,1.0657
2024-04-16T11:55:52.588747Z,EC,DIVIDEND,,,$1.22 ,USD,1.0667
2024-04-24T09:54:52.716407Z,NVS,DIVIDEND,,,$12.78 ,USD,1.071
2024-04-25T08:31:17.871193Z,ORCL,DIVIDEND,,,$1.05 ,USD,1.0748
2024-04-25T08:35:36.552146Z,CSCO,DIVIDEND,,,$2.12 ,USD,1.075
2024-04-25T08:47:34.141032Z,CMCSA,DIVIDEND,,,$3.37 ,USD,1.0749
2024-04-25T08:50:59.016672Z,IDCC,DIVIDEND,,,$2.38 ,USD,1.0748
2024-04-30T13:31:09.873Z,CVNA,SELL - MARKET,4.05720081,$82.02 ,$332.75 ,USD,1.0725
2024-05-01T10:47:52.002058Z,NOG,DIVIDEND,,,$1.40 ,USD,1.0692
2024-05-06T09:28:25.106846Z,GES,DIVIDEND,,,$31.33 ,USD,1.0791
2024-05-06T09:29:08.031406Z,XOM,MERGER - STOCK,1.57601458,,$0 ,USD,1.0791
2024-05-06T09:29:08.848002Z,PXD,MERGER - STOCK,-0.67832254,,$0 ,USD,1.0791
2024-05-07T10:09:35.991002Z,DELL,DIVIDEND,,,$1.88 ,USD,1.0784
2024-05-08T14:15:06.423940Z,,CASH TOP-UP,,,"$49,390 ",USD,1.0776
2024-05-08T14:15:55.593Z,AAPL,BUY - MARKET,54.98504426,$181.87 ,"$10,000 ",USD,1.0775
2024-05-08T14:16:55.996Z,IBM,BUY - MARKET,59.06142215,$169.32 ,"$10,000 ",USD,1.0776
2024-05-08T14:17:43.320Z,MSFT,BUY - MARKET,24.40152753,$409.81 ,"$10,000 ",USD,1.0775
2024-05-08T14:18:25.577Z,DELL,BUY - MARKET,76.50130048,$130.72 ,"$10,000 ",USD,1.0774
2024-05-08T14:19:54.338Z,GOOGL,BUY - MARKET,58.9104671,$169.77 ,"$10,000.99 ",USD,1.0775
2024-05-09T14:44:59.486665Z,,CASH TOP-UP,,,"$11,168.92 ",USD,1.0799
2024-05-09T14:45:46.402Z,AAPL,BUY - MARKET,60.82323149,$183.63 ,"$11,168.92 ",USD,1.0799
2024-05-13T17:14:03.276813Z,,CASH TOP-UP,,,$100 ,USD,1.081
2024-05-13T17:14:04.090Z,GME,BUY - MARKET,3.47428769,$28.78 ,$100 ,USD,1.081
2024-05-14T18:21:31.891163Z,,CASH TOP-UP,,,"$3,000 ",USD,1.0844
2024-05-14T18:21:32.764Z,GME,BUY - MARKET,61.42383292,$48.84 ,"$3,000 ",USD,1.0844
2024-05-15T07:11:18.435074Z,TX,DIVIDEND,,,$19.64 ,USD,1.0851
2024-05-15T07:11:23.999472Z,ENLC,RETURN OF CAPITAL,,,$1.74 ,USD,1.0851
2024-05-15T17:42:32.601558Z,,CASH TOP-UP,,,"$10,000 ",USD,1.0901
2024-05-15T17:42:33.405Z,AVGO,BUY - MARKET,7.03840847,"$1,420.78 ","$10,000 ",USD,1.0901
2024-05-16T08:55:09.651248Z,PG,DIVIDEND,,,$0.99 ,USD,1.0896
2024-05-16T09:02:01.107094Z,,CASH TOP-UP,,,"$30,000 ",USD,1.0897
2024-05-16T13:30:01.214Z,GOOGL,BUY - MARKET,172.9126897,$173.29 ,"$30,000 ",USD,1.0888
2024-05-17T10:29:03.430770Z,AAPL,DIVIDEND,,,$26.04 ,USD,1.0865
2024-05-23T07:44:16.114157Z,FANG,DIVIDEND,,,$1.68 ,USD,1.0849
2024-05-23T07:45:39.714587Z,WRK,DIVIDEND,,,$2.20 ,USD,1.0851
2024-05-29T09:27:41.316817Z,WMT,DIVIDEND,,,$0.54 ,USD,1.087
2024-05-30T12:14:32.336340Z,PBR,DIVIDEND,,,$11.31 ,USD,1.0837
2024-05-31T08:50:07.749286Z,AGRO,DIVIDEND,,,$2.57 ,USD,1.0861
2024-06-03T10:26:16.036320Z,ABR,DIVIDEND,,,$10.58 ,USD,1.0854
2024-06-03T10:27:11.789756Z,SBRA,DIVIDEND,,,$7.42 ,USD,1.0855
2024-06-04T09:33:38.479794Z,INTC,DIVIDEND,,,$8.18 ,USD,1.0901
2024-06-05T10:19:02.461157Z,BG,DIVIDEND,,,$0.94 ,USD,1.0892
2024-06-06T11:52:52.251504Z,MCHP,DIVIDEND,,,$1.65 ,USD,1.0889
2024-06-06T11:58:35.088752Z,,CASH TOP-UP,,,€100,EUR,1
2024-06-06T11:58:36.665Z,QDVE,BUY - MARKET,3.58230342,€27.92,€100,EUR,1
2024-06-06T12:23:58.595356Z,TM,DIVIDEND,,,$4.25 ,USD,1.091
2024-06-06T13:30:01.324Z,NVDA,BUY - MARKET,0.08042741,"$1,240 ",$99.73 ,USD,1.0905
2024-06-07T06:49:07.384812Z,BG,DIVIDEND TAX (CORRECTION),,,$0.17 ,USD,1.0912
2024-06-07T08:03:59.192Z,GME,SELL - LIMIT,64,$59 ,"$3,775.89 ",USD,1.0914
2024-06-10T08:33:04.026122Z,AMGN,DIVIDEND,,,$3.39 ,USD,1.0783
2024-06-10T08:33:47.805568Z,ZWS,DIVIDEND,,,$0.18 ,USD,1.0783
2024-06-10T08:33:52.896384Z,SNY,DIVIDEND,,,$13.73 ,USD,1.0783
2024-06-10T12:36:38.596490Z,NVDA,STOCK SPLIT,0.72384669,,$0 ,USD,1.0777
2024-06-10T18:26:33.864Z,IDCC,SELL - STOP,7.02378298,$115.01 ,$807.81 ,USD,1.0781
2024-06-11T08:44:34.941123Z,XOM,DIVIDEND,,,$1.27 ,USD,1.0783
2024-06-11T08:50:18.185274Z,IBM,DIVIDEND,,,$98.63 ,USD,1.0772
2024-06-11T08:53:08.856545Z,CNQ,STOCK SPLIT,2.51054977,,$0 ,USD,1.0769
2024-06-11T08:57:24.219506Z,E,DIVIDEND,,,$1.80 ,USD,1.0771
2024-06-11T09:18:37.312458Z,IBM,DIVIDEND TAX (CORRECTION),,,($14.79),USD,1.0773
2024-06-11T14:16:51.891Z,AAPL,SELL - LIMIT,61,$200 ,"$12,199.65 ",USD,1.0748
2024-06-12T15:42:16.340Z,WRK,SELL - STOP,8.57524271,$50 ,$428.76 ,USD,1.0873
2024-06-13T07:42:46.137403Z,ALV,DIVIDEND,,,$1.93 ,USD,1.0838
2024-06-14T10:19:00.420438Z,MSFT,DIVIDEND,,,$22.49 ,USD,1.071
2024-06-17T10:11:06.475970Z,IGT,DIVIDEND,,,$2.06 ,USD,1.0732
2024-06-17T15:43:28.482Z,AVGO,BUY - MARKET,9.66612975,"$1,794.20 ","$17,342.97 ",USD,1.0741
2024-06-17T15:44:39.417316Z,,CASH TOP-UP,,,"€1,771.20",EUR,1
2024-06-17T15:44:40.908Z,QDVE,BUY - MARKET,58.88297872,€30.08,"€1,771.20",EUR,1
2024-06-18T12:11:58.839712Z,GOOGL,DIVIDEND,,,$39.41 ,USD,1.0737
2024-06-21T15:46:42.911Z,GOOGL,SELL - LIMIT,150,$180 ,"$26,999.23 ",USD,1.0712
2024-06-25T07:35:12.809808Z,BLK,DIVIDEND,,,$1.73 ,USD,1.075
2024-06-25T10:53:22.992538Z,NKLA,STOCK SPLIT,-60.99453207,,$0 ,USD,1.0746
2024-06-25T10:54:07.440928Z,ORAN,DIVIDEND,,,$15.61 ,USD,1.0748
2024-06-26T08:33:18.638585Z,UNH,DIVIDEND,,,$1.67 ,USD,1.072
2024-06-28T08:19:14.396720Z,SFL,DIVIDEND,,,$8.24 ,USD,1.0716
2024-07-01T09:41:39.504488Z,GES,DIVIDEND,,,$3.68 ,USD,1.0783
2024-07-01T12:06:47.918582Z,LMT,DIVIDEND,,,$2.07 ,USD,1.0768
2024-07-01T12:20:13.403515Z,AVGO,DIVIDEND,,,$74.54 ,USD,1.0768
2024-07-02T10:02:59.315489Z,NKE,DIVIDEND,,,$18.05 ,USD,1.0733
2024-07-02T10:06:11.368230Z,BP,DIVIDEND,,,$1.80 ,USD,1.0733
2024-07-02T10:32:39.670144Z,GRMN,DIVIDEND,,,$18.76 ,USD,1.0739
2024-07-02T14:22:42.686709Z,PBR,DIVIDEND,,,$10.72 ,USD,1.0755
2024-07-08T09:34:01.649548Z,IRM,DIVIDEND,,,$3.03 ,USD,1.0861
2024-07-09T08:00:06.015Z,GES,BUY - LIMIT,474,$21.50 ,"$10,191 ",USD,1.084
2024-07-09T10:04:33.245053Z,PM,DIVIDEND,,,$2 ,USD,1.0846
2024-07-09T10:08:05.861765Z,EC,DIVIDEND,,,$1.11 ,USD,1.0845
2024-07-09T11:18:13.490208Z,STX,DIVIDEND,,,$24.95 ,USD,1.0842
2024-07-09T11:40:59.001Z,INTC,BUY - LIMIT,485,$35 ,"$16,975 ",USD,1.0836
2024-07-10T13:11:58.529057Z,EC,DIVIDEND,,,$9.12 ,USD,1.0846
2024-07-11T07:00:18.306249Z,,CASH TOP-UP,,,€100,EUR,1
2024-07-11T07:02:42.094Z,QDVE,BUY - MARKET,3.22268772,€31.03,€100,EUR,1
2024-07-11T10:22:37.940502Z,CNQ,DIVIDEND,,,$1.64 ,USD,1.0873
2024-07-12T10:45:03.902629Z,BBY,DIVIDEND,,,$3.59 ,USD,1.0911
2024-07-15T09:11:23.612076Z,AVGO,STOCK SPLIT,150.340844,,$0 ,USD,1.0932
2024-07-15T09:20:32.209089Z,TSM,DIVIDEND,,,$10.76 ,USD,1.0932
2024-07-15T09:21:07.479245Z,GSK,DIVIDEND,,,$5.24 ,USD,1.0932
2024-07-16T08:24:30.625039Z,PKG,DIVIDEND,,,$2.20 ,USD,1.0925
2024-07-22T11:19:20.564168Z,,CASH TOP-UP,,,"$40,000 ",USD,1.0909
2024-07-22T11:20:56.087Z,TSLA,BUY - LIMIT,50,$242 ,"$12,100 ",USD,1.0908
2024-07-22T11:42:08.698Z,WMT,BUY - LIMIT,76,$70.80 ,"$5,380.80 ",USD,1.091
2024-07-22T11:51:04.587Z,AAPL,BUY - LIMIT,50,$226.50 ,"$11,325 ",USD,1.091
2024-07-22T12:16:09.400Z,NVS,BUY - LIMIT,50,$108 ,"$5,400 ",USD,1.0908
2024-07-23T14:10:10.271Z,GSK,BUY - LIMIT,150,$39 ,"$5,850 ",USD,1.0877
2024-07-25T09:35:22.725425Z,CSCO,DIVIDEND,,,$2.12 ,USD,1.0876
2024-07-25T09:36:49.706635Z,CMCSA,DIVIDEND,,,$3.37 ,USD,1.0875
2024-07-26T08:08:37.888095Z,ORCL,DIVIDEND,,,$1.05 ,USD,1.0869
2024-08-01T09:09:46.513109Z,NOG,DIVIDEND,,,$1.40 ,USD,1.0797
2024-08-05T06:53:40.329703Z,DELL,DIVIDEND,,,$30.82 ,USD,1.0924
2024-08-12T07:03:14.875252Z,,CASH TOP-UP,,,€100,EUR,1
2024-08-12T07:03:16.702Z,QDVE,BUY - MARKET,3.70507595,€26.99,€100,EUR,1
2024-08-15T06:48:58.390031Z,ENLC,RETURN OF CAPITAL,,,$1.74 ,USD,1.1027
2024-08-16T12:59:39.154403Z,PG,DIVIDEND,,,$0.99 ,USD,1.1011
2024-08-16T15:50:39.355690Z,AAPL,DIVIDEND,,,$23.70 ,USD,1.1013
2024-08-23T08:43:04.607238Z,FANG,DIVIDEND,,,$1.99 ,USD,1.114
2024-08-23T11:40:18.893Z,NFLX,SELL - LIMIT,14,$692 ,"$9,687.72 ",USD,1.1131
2024-08-27T08:24:29.710305Z,SCCO,DIVIDEND,,,$2.37 ,USD,1.119
2024-08-28T09:15:18.853683Z,IGT,DIVIDEND,,,$2.06 ,USD,1.1162
2024-08-28T13:15:02.257Z,AAPL,BUY - LIMIT,42,$228 ,"$9,576 ",USD,1.1138
2024-08-29T09:46:46.000913Z,PBR,DIVIDEND,,,$3.17 ,USD,1.111
2024-09-03T10:19:10.087646Z,ABR,DIVIDEND,,,$10.58 ,USD,1.1057
2024-09-03T10:27:56.666797Z,SBRA,DIVIDEND,,,$7.42 ,USD,1.1057
2024-09-04T08:14:51.752305Z,WMT,DIVIDEND,,,$13.95 ,USD,1.1071
2024-09-04T08:49:46.818497Z,BG,DIVIDEND,,,$1.11 ,USD,1.1076
2024-09-04T08:58:27.720668Z,INTC,DIVIDEND,,,$59.70 ,USD,1.1071
2024-09-04T09:48:43.878234Z,,CASH TOP-UP,,,$6 ,USD,1.1077
2024-09-04T09:48:53Z,US13607LNF66,BUY - MARKET,0.3,"$1,020.63 ",$307.29 ,USD,1.1077
2024-09-06T08:03:08.588116Z,MCHP,DIVIDEND,,,$1.66 ,USD,1.1137
2024-09-09T08:30:14.592576Z,AMGN,DIVIDEND,,,$3.39 ,USD,1.1068
2024-09-09T08:30:40.083531Z,ZWS,DIVIDEND,,,$0.18 ,USD,1.1069
2024-09-11T07:01:12.142432Z,,CASH TOP-UP,,,€100,EUR,1
2024-09-11T07:01:13.778Z,QDVE,BUY - MARKET,3.70096225,€27.02,€100,EUR,1
2024-09-11T10:26:57.546429Z,HYZN,STOCK SPLIT,-150.8848205,,$0 ,USD,1.1065
2024-09-11T10:53:19.155091Z,XOM,DIVIDEND,,,$1.27 ,USD,1.1067
2024-09-11T10:57:37.437526Z,IBM,DIVIDEND,,,$83.84 ,USD,1.1068
2024-09-13T10:13:15.224378Z,MSFT,DIVIDEND,,,$22.49 ,USD,1.1108
2024-09-17T07:25:29.824885Z,,CASH TOP-UP,,,"$55,200 ",USD,1.1144
2024-09-17T08:27:50.192Z,AVGO,BUY - LIMIT,327,$164.30 ,"$53,726.10 ",USD,1.1154
2024-09-17T10:03:25.294691Z,GOOGL,DIVIDEND,,,$13.91 ,USD,1.1159
2024-09-19T14:19:03.146Z,AVGO,SELL - LIMIT,400,$168 ,"$67,198.06 ",USD,1.1141
2024-09-20T09:08:59.663254Z,,CASH WITHDRAWAL,,,"($68,000)",USD,1.1184
2024-09-23T08:07:39.071308Z,BP,DIVIDEND,,,$1.99 ,USD,1.1111
2024-09-24T09:04:44.667056Z,ALV,DIVIDEND,,,$2.27 ,USD,1.1163
2024-09-24T09:09:47.672539Z,BLK,DIVIDEND,,,$1.73 ,USD,1.1162
2024-09-25T07:23:24.117338Z,UNH,DIVIDEND,,,$1.67 ,USD,1.1209
2024-09-30T08:19:38.270923Z,GES,DIVIDEND,,,$124.55 ,USD,1.1204
2024-09-30T08:25:12.223087Z,LMT,DIVIDEND,,,$2.07 ,USD,1.1209
2024-09-30T08:29:20.378135Z,SFL,DIVIDEND,,,$8.24 ,USD,1.1212
2024-09-30T08:39:01.103482Z,PBR,DIVIDEND,,,$3.64 ,USD,1.1216
2024-09-30T08:40:18.731380Z,GRMN,DIVIDEND,,,$18.76 ,USD,1.1216
2024-10-01T10:44:29.850041Z,AVGO,DIVIDEND,,,$222.56 ,USD,1.1108
2024-10-02T09:43:37.823147Z,NKE,DIVIDEND,,,$18.05 ,USD,1.109
2024-10-04T10:10:28.684852Z,IRM,DIVIDEND,,,$3.33 ,USD,1.1051
2024-10-07T09:07:45.919900Z,CNQ,DIVIDEND,,,$1.64 ,USD,1.099
2024-10-08T07:41:37.466908Z,E,DIVIDEND,,,$1.95 ,USD,1.1009
2024-10-08T07:41:58.216749Z,STX,DIVIDEND,,,$21.21 ,USD,1.1011
2024-10-10T08:00:00.013Z,ABR,BUY - LIMIT,38,$14.31 ,$543.78 ,USD,1.0959
2024-10-10T08:42:21.099170Z,TSM,DIVIDEND,,,$12.45 ,USD,1.0957
2024-10-11T07:02:06.819804Z,,CASH TOP-UP,,,€100,EUR,1
2024-10-11T07:19:29.993Z,QDVE,BUY - MARKET,3.32667997,€30.06,€100,EUR,1
2024-10-11T08:12:15.889445Z,PM,DIVIDEND,,,$2.08 ,USD,1.0965
2024-10-11T08:12:51.904399Z,BBY,DIVIDEND,,,$3.59 ,USD,1.0966
2024-10-11T08:14:48.808758Z,GSK,DIVIDEND,,,$63.16 ,USD,1.0966